{"cameraMode":{"drawMode":0,"name":"Shaded","section":"Shading Mode"},"sceneLighting":true,"audioPlay":false,"sceneViewState":{"showFog":true,"showMaterialUpdate":false,"showSkybox":true,"showFlares":true,"showImageEffects":true,"showParticleSystems":true,"showVisualEffectGraphs":true,"m_FxEnabled":true},"in2DMode":false,"pivot":{"x":1768.5833740234375,"y":641.3294067382813,"z":1909.3927001953125},"rotation":{"x":0.04160291701555252,"y":-0.059898581355810168,"z":-0.002503922674804926,"w":-0.9973345398902893},"size":1789.4827880859375,"orthographic":false}