{"cameraMode":{"drawMode":0,"name":"Shaded","section":"Shading Mode"},"sceneLighting":true,"audioPlay":false,"sceneViewState":{"showFog":true,"showMaterialUpdate":false,"showSkybox":true,"showFlares":true,"showImageEffects":true,"showParticleSystems":true,"showVisualEffectGraphs":true,"m_FxEnabled":true},"in2DMode":false,"pivot":{"x":-2.3529179096221926,"y":0.23088419437408448,"z":-0.6867749691009522},"rotation":{"x":-0.10984132438898087,"y":0.7846673727035523,"z":-0.14547686278820039,"w":-0.5925357937812805},"size":1213.4981689453125,"orthographic":false}